token,light,dark,betaCoreLight,betaCoreDark,highContrastLight,highContrastDark
surface-solid-card,#FFFFFFFF,#060A0C,#FFFFFF,#060A0D,#FFFFFF,#060A0C
surface-solid-primary,#F2F5F8,#13181B,#F3F7FA,#14191D,,#13181B
background-primary,#F2F5F8,#060A0C,#F3F7FA,#060A0D,,#060A0C
surface-accent-minor,#ECF6FCFF,#071A26FF,#EFF8FF,#0C1A24,#CFE5F2FF,#071A26FF
surface-accent,#199AF0,#199AF0,#1F9EEB,#1F9EEB,#0076D2,#199AF0
outline-accent,#0B7ECB,#199AF0,#0087CD,#1F9EEB,#0058A2,#199AF0
outline-solid-primary,#D5DFE6,#23292D,#CFDBE4,#262626,#C4CFD7,#23292D
surface-negative,#FF293E,#FF293E,#F81C42,#F81C42,#E7002F,#FF293E
surface-transparent-accent,#118CDF1F,#118CDF33,#0090DA1F,#0090DA33,#0076D21F,#118CDF33
surface-transparent-positive,#1A9E321F,#1A9E3233,#21A0381F,#21A03833,#198A001F,#1A9E3233
surface-transparent-warning,#FA5F051F,#FA5F0533,#E154001F,#E1540033,#D958001F,#FA5F0533
surface-positive-minor,#9EFAAF,#0A2B10,#AFFFB1,#0F2D11,,#0A2B10
surface-negative-minor,#FFE0E3,#4A0D13,#FEDFDE,#480B11,,#4A0D13
surface-warning-minor,#FEE2D2,#3D1D0A,#FEE1D6,#3C1C0F,,#3D1D0A
surface-info-minor,#CFECFF,#0C283B,#D3EBFF,#09283D,,#0C283B
data-yellow-light,#FFE4AE,#211807,,,,#211807
data-blue-light,#EDF8FF,#0A1924,,,,#0A1924
data-yellow,#F3A912,#A16B00,#E9A431,#9A6700,#D49100,#A16B00
text-primary,#13181BF5,#F2F5F8F5,#14191DF5,#F3F7FAF5,#13181BF5,#F2F5F8F5
text-primary-hover,#13181B93,#F2F5F893,#151A1E93,#F4F8FA93,#13181B93,#F2F5F893
text-primary-active,#13181BC4,#F2F5F8C4,#151A1EC4,#F4F8FAC4,#13181BC4,#F2F5F8C4
